Wall time,Step,Value
1552357747.569412,0,0.2868705093860626
1552357788.263634,1,0.34622302651405334
1552357826.002684,2,0.3875899314880371
1552357858.182211,3,0.42715826630592346
1552357889.336643,4,0.43974819779396057
1552357925.6842,5,0.4298561215400696
1552357964.006593,6,0.4460431635379791
1552358002.865663,7,0.4460431635379791
1552358035.808502,8,0.43615108728408813
1552358067.646246,9,0.44694244861602783
1552358102.624233,10,0.4343525171279907
1552358127.488825,11,0.42715826630592346
1552358154.961631,12,0.43794962763786316
1552358185.020118,13,0.433453232049942
1552358215.767533,14,0.4316546618938446
